CustomerID,Age,Tenure,MonthlyCharges,TotalCharges,Gender_Male,ContractType_One-Year,ContractType_Two-Year,InternetService_Fiber Optic,TechSupport_Yes,Churn_Yes
1,49,4,88.35,353.4,True,False,False,True,True,True
2,43,0,36.67,0.0,True,False,False,True,True,True
3,51,2,63.79,127.58,False,False,False,True,False,True
4,60,8,102.34,818.72,False,True,False,False,True,True
5,42,32,69.01,2208.32,True,False,False,True,False,True
6,42,16,119.75,1916.0,False,False,True,False,True,True
7,60,14,80.32,1124.48,True,True,False,True,False,True
8,52,6,58.9,353.4,False,True,False,True,False,True
9,40,53,49.81,2639.9300000000003,False,False,True,True,True,False
10,50,10,61.55,615.5,False,False,False,True,True,True
11,40,1,63.53,63.53,False,False,False,True,True,True
12,40,19,36.18,687.42,False,True,False,True,True,False
13,47,2,63.26,126.52,True,False,True,True,False,True
14,25,8,71.78,574.24,False,True,False,True,False,True
15,27,14,95.05,1330.7,True,False,False,True,True,True
16,39,41,89.11,3653.51,False,False,True,True,True,False
17,34,13,93.79,1219.27,False,False,False,True,False,True
18,48,24,30.75,738.0,False,False,True,True,False,True
19,35,98,49.59,4859.820000000001,True,False,True,True,True,False
20,30,2,89.55,179.1,False,False,False,True,False,True
21,59,6,73.56,441.36,False,True,False,False,False,True
22,42,10,30.48,304.8,False,False,False,True,False,True
23,45,10,102.4,1024.0,True,False,False,False,True,True
24,30,10,99.55,995.5,True,True,False,True,True,True
25,39,47,79.36,3729.92,True,True,False,False,True,False
26,46,25,35.98,899.4999999999999,True,False,True,False,True,False
27,33,18,98.99,1781.82,False,True,False,True,True,False
28,48,7,82.53,577.71,True,False,False,True,False,True
29,38,34,100.38,3412.92,False,False,True,False,True,True
30,42,62,97.66,6054.92,True,False,True,True,True,False
31,38,34,102.27,3477.18,True,False,False,False,False,True
32,63,0,76.62,0.0,False,False,True,False,True,True
33,44,20,42.63,852.6,False,False,False,True,True,True
34,34,1,90.4,90.4,False,False,True,True,True,True
35,53,5,85.84,429.2000000000001,False,False,False,False,True,True
36,32,1,96.8,96.8,False,False,False,True,False,True
37,47,18,45.29,815.22,True,False,False,False,True,True
38,25,23,47.55,1093.65,False,True,False,True,True,False
39,31,2,110.14,220.28,False,False,False,True,False,True
40,46,9,97.5,877.5,False,False,False,True,False,True
41,52,12,111.74,1340.88,True,True,False,True,True,True
42,46,9,98.28,884.52,False,False,True,True,True,True
43,43,2,83.74,167.48,True,False,False,True,False,True
44,41,10,88.87,888.7,True,False,False,False,True,True
45,30,27,110.02,2970.54,True,False,False,True,False,True
46,37,1,82.09,82.09,True,False,False,True,False,True
47,40,1,86.92,86.92,False,False,True,False,True,True
48,55,8,44.08,352.64,False,False,True,False,False,True
49,48,56,72.65,4068.400000000001,False,True,False,True,False,True
50,27,22,94.48,2078.56,True,False,False,True,True,True
51,48,22,54.38,1196.36,True,True,False,False,True,False
52,41,8,48.2,385.6,True,True,False,False,False,True
53,38,18,58.24,1048.32,False,False,True,True,True,False
54,51,0,51.74,0.0,True,True,False,True,False,True
55,55,20,49.34,986.8,False,True,False,True,False,True
56,54,48,68.24,3275.5199999999995,False,True,False,True,False,True
57,36,18,111.71,2010.78,True,False,False,False,True,True
58,41,41,75.64,3101.24,False,False,True,True,True,False
59,48,25,46.91,1172.75,False,True,False,True,False,True
60,54,2,36.93,73.86,False,True,False,True,False,True
61,40,46,92.65,4261.900000000001,False,False,False,False,True,True
62,43,1,64.45,64.45,True,True,False,True,False,True
63,33,15,103.96,1559.4,True,True,False,True,False,True
64,33,3,89.36,268.08,False,False,False,True,True,True
65,53,0,101.66,0.0,False,False,False,True,True,True
66,58,10,54.48,544.8,True,True,False,False,True,True
67,44,6,92.31,553.86,False,True,False,True,True,True
68,55,13,53.77,699.01,False,True,False,True,True,False
69,48,17,114.52,1946.84,False,False,False,True,True,True
70,38,0,87.27,0.0,True,True,False,True,False,True
71,48,2,59.21,118.42,False,False,False,True,True,True
72,60,16,54.26,868.16,False,False,False,True,True,True
73,44,8,47.18,377.44,True,False,False,True,False,True
74,60,26,92.52,2405.52,True,False,False,False,False,True
75,18,21,49.68,1043.28,False,False,False,True,True,True
76,53,37,83.58,3092.46,True,False,False,True,True,True
77,45,23,53.82,1237.86,False,False,False,True,False,True
78,42,11,89.58,985.38,False,False,False,True,False,True
79,45,22,103.34,2273.48,True,True,False,True,True,True
80,25,6,100.02,600.12,False,False,False,True,False,True
81,42,7,98.48,689.36,True,False,False,True,False,True
82,48,31,46.9,1453.9,False,False,True,True,False,True
83,59,11,37.95,417.4500000000001,True,False,False,True,False,True
84,39,32,92.91,2973.12,False,True,False,False,False,True
85,36,34,63.15,2147.1,True,False,False,False,True,True
86,39,38,68.91,2618.58,True,False,False,True,True,True
87,54,49,32.8,1607.1999999999998,False,True,False,False,True,False
88,48,11,53.36,586.96,True,True,False,False,True,True
89,39,7,33.03,231.21,False,False,True,True,True,True
90,50,17,109.13,1855.21,True,True,False,True,True,True
91,45,9,51.91,467.19,False,False,True,True,True,True
92,54,18,80.16,1442.88,True,False,False,True,False,True
93,37,24,33.51,804.24,False,False,False,True,True,True
94,41,23,90.02,2070.46,True,False,False,True,False,True
95,41,9,59.07,531.63,True,False,False,False,True,True
96,30,3,110.81,332.43,True,True,False,True,True,True
97,47,11,109.93,1209.23,True,True,False,True,False,True
98,47,3,59.28,177.84,False,False,False,True,True,True
99,45,44,111.09,4887.96,True,False,True,True,False,True
100,42,8,119.65,957.2,False,False,True,True,True,True
101,30,3,104.29,312.87,True,False,False,False,True,True
102,40,0,106.04,0.0,True,False,False,True,True,True
103,41,20,52.41,1048.1999999999998,False,False,False,True,True,True
104,36,20,81.9,1638.0,False,False,False,True,False,True
105,43,8,36.05,288.4,True,False,False,False,True,True
106,49,1,38.54,38.54,True,True,False,True,False,True
107,63,10,119.9,1199.0,True,False,False,True,False,True
108,46,7,59.4,415.8,False,False,False,False,False,True
109,47,22,97.34,2141.48,False,False,True,True,True,False
110,44,18,102.6,1846.8,True,True,False,True,False,True
111,25,9,107.22,964.98,False,False,True,True,False,True
112,44,4,119.79,479.16,False,False,False,True,True,True
113,45,88,51.73,4552.24,False,False,False,True,True,True
114,69,12,33.63,403.56000000000006,False,True,False,True,False,True
115,43,23,67.01,1541.23,True,False,False,True,True,True
116,48,3,41.71,125.13,True,False,False,False,True,True
117,44,13,32.02,416.2600000000001,True,True,False,True,False,True
118,33,0,62.44,0.0,True,True,False,False,True,True
119,56,14,100.54,1407.5600000000002,False,False,False,False,True,True
120,52,66,80.96,5343.36,False,False,False,True,True,True
121,52,9,58.15,523.35,True,False,False,True,True,True
122,35,0,88.89,0.0,True,False,False,True,False,True
123,59,0,50.88,0.0,True,False,False,True,False,True
124,30,9,31.29,281.61,False,False,False,True,True,True
125,50,3,98.79,296.37,True,False,False,False,False,True
126,66,0,86.14,0.0,False,False,True,True,True,True
127,35,28,98.61,2761.08,True,True,False,True,False,True
128,39,12,33.5,402.0,True,True,False,True,True,False
129,45,6,105.34,632.04,False,False,False,True,True,True
130,39,46,85.76,3944.96,False,False,False,True,True,True
131,29,2,80.71,161.42,True,False,False,True,False,True
132,45,62,86.22,5345.64,False,False,False,False,False,True
133,34,7,107.8,754.6,False,False,False,True,True,True
134,49,43,82.82,3561.26,False,True,False,True,False,True
135,35,18,82.29,1481.22,True,True,False,True,False,True
136,60,35,119.16,4170.599999999999,False,True,False,False,False,True
137,37,82,98.11,8045.019999999999,False,False,False,True,False,True
138,41,6,69.81,418.86,False,False,True,False,True,True
139,53,64,93.67,5994.88,True,False,False,True,False,True
140,32,9,65.03,585.27,True,False,False,True,False,True
141,47,9,50.6,455.4,True,False,False,False,True,True
142,58,8,83.72,669.76,False,True,False,True,False,True
143,28,15,113.54,1703.1,True,False,True,False,True,True
144,46,3,113.62,340.86,False,False,False,True,False,True
145,47,16,60.77,972.32,False,False,True,True,True,False
146,52,15,77.49,1162.35,True,False,True,False,True,False
147,32,28,49.05,1373.4,False,False,False,False,False,True
148,31,35,119.61,4186.35,True,False,False,True,False,True
149,50,11,118.3,1301.3,False,False,False,False,True,True
150,47,7,88.46,619.2199999999999,True,False,True,False,True,True
151,47,6,102.4,614.4000000000001,False,False,False,True,False,True
152,48,4,94.36,377.44,False,True,False,True,True,True
153,38,1,83.38,83.38,False,False,False,True,True,True
154,47,8,34.8,278.4,False,True,False,False,True,True
155,47,6,70.93,425.58,False,False,False,False,False,True
156,37,67,90.73,6078.91,False,True,False,False,False,True
157,63,16,90.98,1455.68,False,False,True,False,True,False
158,49,8,63.58,508.64,False,False,True,True,True,True
159,33,17,114.75,1950.75,True,False,True,True,False,True
160,51,2,45.06,90.12,False,False,False,False,True,True
161,35,11,75.03,825.33,False,True,False,True,True,True
162,52,19,92.18,1751.42,False,False,False,True,True,True
163,56,13,92.74,1205.62,True,False,False,True,False,True
164,36,10,88.38,883.8,False,True,False,True,False,True
165,54,101,54.78,5532.78,True,False,False,True,False,True
166,49,42,44.06,1850.52,False,True,False,False,True,False
167,53,19,87.23,1657.37,True,False,True,False,False,True
168,63,16,83.94,1343.04,False,False,False,True,True,True
169,42,19,46.14,876.66,False,True,False,False,False,True
170,37,4,93.46,373.84,True,False,False,True,True,True
171,36,10,70.97,709.7,False,False,False,True,False,True
172,36,0,90.1,0.0,True,False,False,True,False,True
173,44,12,105.36,1264.32,False,False,True,True,False,True
174,48,15,45.28,679.2,False,False,True,True,False,True
175,47,5,31.72,158.6,False,False,True,True,True,True
176,53,66,100.12,6607.92,False,False,True,True,False,True
177,45,48,84.87,4073.76,False,False,False,False,True,True
178,59,25,92.97,2324.25,True,False,False,True,False,True
179,42,15,105.43,1581.45,True,True,False,False,False,True
180,72,40,102.25,4090.0,False,False,False,True,False,True
181,51,2,116.48,232.96,False,False,False,True,True,True
182,36,31,78.23,2425.13,False,False,False,True,True,True
183,34,2,73.96,147.92,False,True,False,True,False,True
184,49,31,66.17,2051.27,True,True,False,True,True,False
185,42,6,43.83,262.98,False,False,False,True,False,True
186,52,41,81.53,3342.73,True,False,False,False,True,True
187,49,57,54.93,3131.01,False,True,False,True,True,False
188,44,3,112.92,338.76,True,True,False,True,False,True
189,36,12,82.49,989.88,True,False,False,True,True,True
190,29,79,83.36,6585.44,True,True,False,True,False,True
191,40,13,61.94,805.22,True,False,False,False,False,True
192,53,39,34.68,1352.52,False,False,False,True,True,True
193,47,17,32.86,558.62,True,True,False,True,True,False
194,32,9,68.1,612.9,True,True,False,True,False,True
195,46,6,37.61,225.66,True,False,False,False,True,True
196,48,4,84.62,338.48,True,True,False,True,False,True
197,36,28,109.29,3060.1200000000003,True,True,False,True,True,True
198,46,9,109.46,985.14,True,True,False,False,True,True
199,45,14,89.31,1250.34,False,True,False,True,False,True
200,33,13,49.01,637.13,False,True,False,True,True,False
201,48,17,107.67,1830.39,False,False,False,True,True,True
202,50,40,109.75,4390.0,True,False,False,True,False,True
203,55,78,47.7,3720.6,True,False,False,True,True,True
204,55,10,96.37,963.7,False,False,False,True,False,True
205,31,35,55.79,1952.65,False,True,False,True,True,False
206,35,28,102.24,2862.72,True,True,False,False,True,True
207,50,17,119.75,2035.75,True,False,False,False,True,True
208,50,62,32.7,2027.4,True,False,False,True,True,True
209,50,4,110.76,443.04,True,False,False,True,True,True
210,83,2,86.04,172.08,True,False,False,False,False,True
211,50,38,117.6,4468.8,False,True,False,True,False,True
212,56,11,71.85,790.3499999999999,False,False,False,True,False,True
213,54,37,106.26,3931.62,False,True,False,False,False,True
214,51,44,35.62,1567.28,False,False,True,True,True,False
215,41,1,60.18,60.18,False,False,False,False,True,True
216,52,42,36.03,1513.26,False,False,False,True,False,True
217,37,11,117.78,1295.58,False,False,False,True,False,True
218,42,14,103.53,1449.42,True,True,False,True,False,True
219,40,19,106.73,2027.87,True,True,False,False,True,True
220,45,52,114.42,5949.84,True,False,False,True,False,True
221,68,0,37.66,0.0,False,True,False,True,False,True
222,26,12,64.7,776.4000000000001,False,False,True,True,False,True
223,51,23,36.39,836.97,True,False,False,False,False,True
224,28,25,48.97,1224.25,False,False,False,True,True,True
225,40,23,50.64,1164.72,True,False,True,True,False,True
226,55,2,72.22,144.44,False,True,False,True,True,True
227,45,7,54.17,379.19,True,False,True,True,False,True
228,34,8,39.09,312.72,True,True,False,True,True,True
229,37,32,45.07,1442.24,False,False,True,True,True,False
230,51,6,43.25,259.5,True,False,False,False,False,True
231,37,4,117.58,470.32,True,True,False,True,True,True
232,47,63,98.34,6195.42,True,False,True,False,False,True
233,45,0,117.1,0.0,False,True,False,True,True,True
234,38,122,69.58,8488.76,False,False,False,False,False,True
235,66,22,55.05,1211.1,True,False,False,True,True,True
236,51,35,101.85,3564.75,False,False,False,False,False,True
237,24,6,59.36,356.16,False,False,False,True,False,True
238,46,0,56.94,0.0,True,False,False,True,False,True
239,38,26,50.93,1324.18,True,True,False,False,True,False
240,53,35,41.67,1458.45,True,True,False,False,True,False
241,37,26,53.08,1380.08,True,False,False,False,True,True
242,43,3,61.98,185.94,False,True,False,True,False,True
243,50,28,90.66,2538.48,True,False,False,True,True,True
244,53,29,35.63,1033.27,False,False,False,True,True,True
245,32,21,48.95,1027.95,False,False,False,False,True,True
246,41,29,102.81,2981.49,True,True,False,True,False,True
247,40,37,43.22,1599.14,False,False,False,True,False,True
248,38,19,60.84,1155.96,True,False,False,True,False,True
249,62,1,107.82,107.82,False,False,False,True,True,True
250,49,13,43.94,571.22,False,False,True,False,True,False
251,32,1,37.45,37.45,False,False,False,False,True,True
252,54,10,73.61,736.1,False,True,False,False,True,True
253,66,10,57.22,572.2,True,True,False,False,True,True
254,55,1,80.71,80.71,False,True,False,False,True,True
255,29,8,102.34,818.72,False,False,True,False,True,True
256,40,2,42.34,84.68,False,False,False,True,True,True
257,57,33,82.26,2714.5800000000004,False,False,False,True,False,True
258,37,59,75.5,4454.5,False,False,True,True,True,False
259,49,1,42.97,42.97,True,False,False,True,False,True
260,52,62,86.16,5341.92,True,True,False,True,False,True
261,35,14,54.63,764.82,False,True,False,False,True,False
262,44,7,73.91,517.37,True,True,False,True,False,True
263,12,1,37.4,37.4,False,False,True,False,False,True
264,34,13,71.36,927.68,False,False,True,True,False,True
265,42,31,57.58,1784.98,True,True,False,True,True,False
266,32,24,104.01,2496.24,True,False,False,True,False,True
267,61,1,35.13,35.13,False,False,True,False,True,True
268,30,1,67.67,67.67,True,False,False,False,True,True
269,40,10,71.26,712.6,False,False,False,True,False,True
270,46,6,95.25,571.5,True,False,True,False,True,True
271,59,5,81.69,408.45,False,False,False,True,True,True
272,30,6,90.05,540.3,True,False,False,True,False,True
273,56,32,99.93,3197.76,False,False,False,True,False,True
274,45,52,107.6,5595.2,True,False,True,True,False,True
275,35,10,58.25,582.5,False,True,False,True,False,True
276,49,47,78.42,3685.74,True,True,False,False,True,False
277,46,7,105.61,739.27,False,False,False,True,False,True
278,38,12,119.05,1428.6,False,True,False,True,False,True
279,45,5,110.06,550.3,True,True,False,True,True,True
280,41,20,63.43,1268.6,True,False,False,False,False,True
281,46,77,47.56,3662.12,True,False,False,True,False,True
282,51,18,74.05,1332.9,False,False,False,True,False,True
283,60,8,96.75,774.0,False,False,True,True,False,True
284,32,20,74.33,1486.6,False,True,False,True,True,False
285,66,2,73.49,146.98,True,False,True,False,False,True
286,25,43,105.44,4533.92,True,False,False,True,False,True
287,43,13,62.53,812.89,False,True,False,True,False,True
288,50,11,107.38,1181.1799999999998,False,True,False,True,False,True
289,47,17,66.61,1132.37,False,True,False,True,True,False
290,38,19,59.54,1131.26,True,False,True,False,True,False
291,42,1,70.86,70.86,False,False,False,True,True,True
292,40,22,98.62,2169.6400000000003,True,False,False,True,True,True
293,39,5,41.34,206.7,True,True,False,True,False,True
294,53,25,47.68,1192.0,False,True,False,True,False,True
295,48,34,115.63,3931.42,False,True,False,True,True,True
296,38,32,45.79,1465.28,False,False,False,True,True,True
297,53,16,81.1,1297.6,True,True,False,False,True,False
298,48,14,82.14,1149.96,True,False,False,True,False,True
299,53,3,74.07,222.21,False,False,False,True,False,True
300,51,29,88.03,2552.87,False,True,False,True,True,False
301,36,6,50.68,304.08,True,True,False,True,True,True
302,39,13,79.74,1036.62,True,False,False,True,True,True
303,52,6,63.5,381.0,True,False,False,True,False,True
304,51,2,89.55,179.1,False,False,False,True,False,True
305,44,19,42.71,811.49,True,False,False,False,True,True
306,46,1,81.38,81.38,True,True,False,True,True,True
307,57,27,46.67,1260.09,True,False,True,False,True,False
308,39,7,55.08,385.56,True,False,False,True,False,True
309,50,0,49.68,0.0,True,True,False,False,True,True
310,42,14,46.46,650.44,False,False,True,True,True,False
311,42,0,104.31,0.0,True,False,True,True,False,True
312,55,6,55.71,334.26,False,False,False,True,False,True
313,53,24,113.44,2722.56,True,False,True,True,False,True
314,53,1,117.29,117.29,False,False,False,True,True,True
315,58,36,81.41,2930.76,False,False,False,False,False,True
316,45,0,42.87,0.0,False,False,False,True,False,True
317,51,5,63.71,318.55,False,False,False,True,False,True
318,41,27,101.8,2748.6,True,False,False,False,True,True
319,48,7,63.07,441.49,True,False,False,True,True,True
320,43,2,37.83,75.66,False,False,False,True,False,True
321,45,8,80.11,640.88,False,False,True,True,False,True
322,50,6,106.06,636.36,False,False,True,False,True,True
323,36,36,101.63,3658.68,False,False,False,True,True,True
324,65,7,45.76,320.32,False,False,True,False,False,True
325,34,31,90.55,2807.05,True,False,True,False,True,False
326,32,44,49.85,2193.4,True,True,False,True,False,True
327,56,11,49.64,546.04,False,False,False,True,False,True
328,52,48,108.67,5216.16,False,True,False,True,False,True
329,51,9,52.47,472.23,True,False,True,False,False,True
330,51,66,53.69,3543.54,False,True,False,True,False,True
331,44,1,30.06,30.06,True,False,False,True,False,True
332,36,23,108.36,2492.28,False,True,False,True,True,True
333,45,13,101.33,1317.29,True,True,False,True,True,True
334,38,9,86.46,778.14,True,True,False,False,True,True
335,54,20,97.52,1950.4,False,False,False,True,False,True
336,43,24,43.68,1048.32,True,False,False,True,True,True
337,36,0,71.25,0.0,False,False,True,False,True,True
338,41,3,61.61,184.83,False,False,True,False,True,True
339,49,24,38.44,922.56,False,False,False,False,True,True
340,39,21,73.75,1548.75,True,False,True,False,True,False
341,36,67,112.87,7562.29,True,False,False,True,False,True
342,47,28,33.61,941.08,True,True,False,True,False,True
343,47,60,56.23,3373.8,False,True,False,False,True,False
344,39,24,48.68,1168.32,False,False,True,False,True,False
345,40,7,51.43,360.01,False,False,True,True,False,True
346,47,2,111.76,223.52,False,False,False,True,False,True
347,30,30,72.13,2163.9,False,False,True,True,True,False
348,30,20,71.97,1439.4,False,False,False,True,False,True
349,37,0,98.45,0.0,True,True,False,True,True,True
350,42,8,43.9,351.2,False,True,False,False,True,True
351,48,62,73.85,4578.7,True,True,False,False,False,True
352,59,13,68.7,893.1,False,False,False,True,False,True
353,53,11,83.72,920.92,False,False,True,True,True,True
354,43,12,119.96,1439.52,False,False,False,True,False,True
355,44,4,99.25,397.0,True,False,False,True,False,True
356,34,9,65.81,592.29,True,True,False,True,False,True
357,44,9,104.48,940.32,True,False,False,False,True,True
358,42,1,45.36,45.36,True,False,True,True,True,True
359,48,29,32.74,949.46,True,False,False,False,True,True
360,36,10,48.4,484.0,False,False,False,False,True,True
361,50,34,60.64,2061.76,False,False,True,True,True,False
362,60,37,75.95,2810.15,True,True,False,True,False,True
363,43,4,85.36,341.44,True,False,False,True,False,True
364,49,21,111.95,2350.9500000000003,True,True,False,True,True,True
365,51,12,75.89,910.68,False,True,False,False,True,False
366,40,42,75.11,3154.62,False,True,False,False,True,False
367,47,4,34.52,138.08,False,False,False,True,False,True
368,45,22,33.14,729.08,False,False,True,True,False,True
369,45,18,79.6,1432.8,False,False,True,True,False,True
370,37,6,69.44,416.64,False,True,False,True,False,True
371,45,2,105.53,211.06,True,False,False,True,False,True
372,49,21,44.46,933.66,False,False,True,True,False,True
373,59,26,32.25,838.5,True,True,False,False,True,False
374,54,7,70.41,492.87,False,True,False,True,False,True
375,66,20,51.37,1027.4,True,False,False,True,False,True
376,37,10,34.47,344.7,False,False,True,False,False,True
377,53,24,95.21,2285.04,False,True,False,True,True,False
378,46,4,40.04,160.16,False,False,False,True,True,True
379,66,44,84.75,3729.0,False,False,False,True,False,True
380,36,6,55.29,331.74,True,False,True,False,False,True
381,36,9,45.61,410.49,True,False,False,True,True,True
382,39,1,64.18,64.18,True,False,True,False,True,True
383,23,2,102.13,204.26,True,True,False,True,False,True
384,39,14,65.29,914.06,False,True,False,False,True,False
385,37,6,97.57,585.42,True,False,False,False,True,True
386,46,36,41.29,1486.44,False,False,False,True,True,True
387,48,0,99.55,0.0,False,False,True,True,False,True
388,63,9,51.32,461.88,False,False,False,False,True,True
389,54,8,90.97,727.76,True,True,False,False,True,True
390,39,0,80.92,0.0,False,False,False,True,False,True
391,36,2,113.62,227.24,False,False,False,True,True,True
392,49,10,64.86,648.6,False,False,False,True,False,True
393,31,13,35.95,467.35,False,True,False,False,True,False
394,63,10,31.72,317.2,False,False,True,True,True,True
395,56,15,104.42,1566.3,True,False,False,False,False,True
396,40,18,77.23,1390.14,False,False,False,False,True,True
397,27,0,99.77,0.0,True,False,False,True,True,True
398,58,12,51.1,613.2,True,True,False,True,False,True
399,43,66,61.06,4029.96,True,False,False,True,False,True
400,57,14,32.71,457.94,True,False,True,True,False,True
401,29,22,116.53,2563.66,True,True,False,True,True,True
402,39,7,90.11,630.77,True,True,False,True,True,True
403,45,29,113.99,3305.71,False,False,False,True,False,True
404,45,29,53.89,1562.81,False,False,True,False,True,False
405,40,14,85.03,1190.42,False,False,False,False,True,True
406,51,74,91.06,6738.4400000000005,True,False,False,True,False,True
407,34,2,58.58,117.16,True,True,False,True,True,True
408,43,0,106.33,0.0,False,True,False,False,True,True
409,46,29,115.24,3341.96,True,False,False,True,False,True
410,50,32,109.64,3508.48,True,False,False,False,False,True
411,52,2,96.52,193.04,False,True,False,True,False,True
412,33,6,54.97,329.82,True,False,False,False,True,True
413,29,0,55.35,0.0,False,False,True,True,True,True
414,57,6,116.7,700.2,False,True,False,True,False,True
415,48,29,30.93,896.97,True,False,False,False,True,True
416,37,14,94.44,1322.16,True,False,False,True,False,True
417,60,8,93.56,748.48,False,False,False,True,False,True
418,46,9,86.04,774.36,True,True,False,True,False,True
419,56,0,119.11,0.0,True,True,False,True,False,True
420,45,7,58.07,406.49,False,False,False,True,True,True
421,65,20,60.6,1212.0,True,True,False,False,True,False
422,62,73,37.1,2708.3,False,False,True,True,True,False
423,42,37,69.85,2584.45,False,False,False,False,True,True
424,54,0,53.49,0.0,True,False,True,False,True,True
425,51,45,60.9,2740.5,True,False,False,False,False,True
426,58,30,105.11,3153.3,True,False,False,True,True,True
427,35,30,114.19,3425.7,True,False,False,True,False,True
428,51,12,46.72,560.64,True,False,False,False,True,True
429,55,10,63.53,635.3,False,False,False,False,True,True
430,27,7,113.58,795.06,True,False,False,True,True,True
431,33,1,35.56,35.56,False,False,True,False,True,True
432,24,5,38.31,191.55,False,False,True,False,True,True
433,42,5,44.65,223.25,False,True,False,False,False,True
434,52,13,83.57,1086.41,False,False,False,True,False,True
435,60,27,43.54,1175.58,True,False,False,True,False,True
436,45,12,117.13,1405.56,False,False,False,True,True,True
437,61,1,70.2,70.2,False,True,False,True,False,True
438,31,63,75.14,4733.82,True,False,True,True,True,False
439,27,57,52.2,2975.4,True,False,False,True,True,True
440,44,30,72.39,2171.7,False,False,False,True,True,True
441,48,94,89.57,8419.58,True,True,False,True,False,True
442,44,15,97.61,1464.15,True,False,False,False,True,True
443,24,65,97.85,6360.25,True,False,False,False,True,True
444,44,1,82.01,82.01,True,True,False,True,False,True
445,31,9,111.39,1002.51,False,True,False,True,False,True
446,51,5,103.57,517.8499999999999,False,False,False,True,True,True
447,48,4,98.13,392.52,False,False,False,True,False,True
448,35,3,35.0,105.0,True,False,True,True,False,True
449,39,19,30.62,581.78,True,False,False,False,True,True
450,34,30,49.12,1473.6,False,False,False,True,False,True
451,44,17,89.72,1525.24,True,False,False,True,True,True
452,54,3,67.01,201.03000000000003,True,False,False,True,False,True
453,35,33,66.22,2185.26,False,False,False,True,False,True
454,50,20,109.61,2192.2,True,False,True,True,True,True
455,39,9,110.6,995.4,False,False,False,False,True,True
456,37,22,111.83,2460.26,True,False,False,True,False,True
457,43,6,58.25,349.5,True,True,False,False,True,True
458,34,8,92.2,737.6,True,True,False,True,False,True
459,39,49,54.45,2668.05,False,False,True,True,False,True
460,33,6,47.15,282.9,False,False,True,True,True,True
461,64,12,46.62,559.4399999999999,False,False,False,True,False,True
462,45,44,60.79,2674.76,False,True,False,True,True,False
463,38,24,68.7,1648.8000000000002,True,False,False,True,False,True
464,47,1,104.79,104.79,False,False,True,True,True,True
465,43,3,40.79,122.37,True,False,False,True,False,True
466,42,0,96.14,0.0,False,False,True,True,False,True
467,51,19,77.83,1478.77,True,True,False,True,False,True
468,52,11,55.92,615.12,False,False,False,False,True,True
469,39,2,74.35,148.7,True,True,False,True,False,True
470,39,63,56.99,3590.3700000000003,True,False,True,True,False,True
471,42,15,83.65,1254.75,False,False,True,False,False,True
472,21,5,69.05,345.25,True,False,False,False,True,True
473,29,13,44.8,582.4,True,True,False,False,False,True
474,58,22,40.49,890.7800000000001,True,False,False,True,False,True
475,61,1,79.2,79.2,True,False,False,True,True,True
476,42,6,111.22,667.3199999999999,False,False,False,True,False,True
477,50,32,60.96,1950.72,False,False,False,False,True,True
478,48,12,95.97,1151.64,False,False,True,True,False,True
479,75,15,89.28,1339.2,False,False,False,False,True,True
480,56,11,113.84,1252.24,True,False,True,True,True,True
481,43,0,103.89,0.0,False,False,False,True,False,True
482,35,3,80.99,242.97,True,False,False,False,True,True
483,28,11,89.13,980.43,True,False,False,True,False,True
484,47,4,110.85,443.4,False,False,False,False,True,True
485,37,1,65.96,65.96,True,False,False,True,True,True
486,30,37,59.41,2198.17,False,False,False,True,True,True
487,38,79,30.97,2446.63,True,True,False,True,True,False
488,34,31,104.39,3236.09,False,False,False,False,True,True
489,61,38,102.09,3879.42,False,False,False,False,False,True
490,53,5,39.4,197.0,False,False,False,True,False,True
491,44,64,81.92,5242.88,False,False,True,False,False,True
492,59,4,71.76,287.04,False,False,True,True,False,True
493,45,60,40.68,2440.8,True,False,False,True,False,True
494,36,105,118.25,12416.25,False,False,False,False,True,True
495,60,24,49.32,1183.68,True,False,False,False,False,True
496,50,79,36.05,2847.95,False,False,True,True,True,False
497,34,16,83.54,1336.64,False,False,False,True,False,True
498,43,6,96.5,579.0,False,False,False,True,False,True
499,36,11,32.92,362.12,True,False,False,True,True,True
500,31,18,89.28,1607.04,True,False,False,True,False,True
501,54,1,77.91,77.91,False,False,False,False,False,True
502,64,19,39.29,746.51,True,True,False,True,False,True
503,31,79,45.53,3596.87,True,False,False,True,False,True
504,50,4,81.12,324.48,True,True,False,False,True,True
505,38,31,56.67,1756.77,False,False,False,False,True,True
506,40,47,114.45,5379.150000000001,False,False,False,False,True,True
507,39,57,103.69,5910.33,True,False,True,False,True,True
508,36,64,118.52,7585.28,True,False,False,True,False,True
509,45,14,53.37,747.18,True,False,True,True,True,False
510,36,75,117.28,8796.0,False,True,False,False,False,True
511,47,28,68.81,1926.68,False,False,False,True,False,True
512,44,3,61.28,183.84,True,False,True,True,False,True
513,42,12,34.53,414.36,True,False,False,True,True,True
514,35,25,34.75,868.75,True,False,True,True,True,False
515,39,5,92.28,461.4,False,False,False,False,False,True
516,52,20,71.21,1424.1999999999998,False,False,True,True,False,True
517,50,21,50.39,1058.19,True,False,False,True,False,True
518,35,3,85.26,255.78000000000003,True,True,False,False,False,True
519,45,16,52.76,844.16,True,True,False,False,True,False
520,52,29,81.99,2377.71,False,False,True,False,True,False
521,28,13,62.33,810.29,True,False,True,False,True,False
522,50,0,104.12,0.0,False,False,True,True,False,True
523,38,0,103.86,0.0,False,False,True,True,False,True
524,50,8,72.96,583.68,True,False,False,True,False,True
525,37,52,61.57,3201.64,True,False,False,True,False,True
526,26,5,62.63,313.15000000000003,True,False,False,True,True,True
527,28,20,102.51,2050.2000000000003,False,False,False,True,False,True
528,45,5,59.54,297.7,False,False,False,True,False,True
529,47,7,48.82,341.74,False,True,False,False,True,True
530,35,37,37.62,1391.9399999999998,False,False,False,True,False,True
531,51,26,72.0,1872.0,True,True,False,True,True,False
532,28,2,73.39,146.78,False,False,False,False,True,True
533,44,11,105.68,1162.48,False,False,False,True,True,True
534,32,0,49.91,0.0,True,True,False,True,True,True
535,38,13,64.29,835.7700000000001,False,True,False,True,False,True
536,45,21,102.76,2157.96,False,True,False,True,True,True
537,36,2,104.13,208.26,False,True,False,True,False,True
538,41,6,64.61,387.66,False,False,False,True,False,True
539,55,10,71.32,713.1999999999999,False,True,False,True,False,True
540,39,50,57.3,2865.0,False,False,False,True,True,True
541,53,99,113.93,11279.070000000002,True,False,False,True,False,True
542,33,0,40.68,0.0,True,False,False,True,True,True
543,50,28,114.04,3193.1200000000003,False,False,False,True,True,True
544,59,9,91.55,823.9499999999999,True,False,False,True,False,True
545,20,9,77.84,700.5600000000001,True,False,True,True,False,True
546,37,28,32.94,922.32,True,False,True,False,True,False
547,50,50,72.8,3640.0,True,False,False,False,True,True
548,42,60,66.7,4002.0,False,False,False,False,True,True
549,48,17,44.51,756.67,False,False,False,True,False,True
550,38,8,89.08,712.64,True,False,False,False,True,True
551,45,30,117.4,3522.0,True,False,True,False,True,True
552,43,5,80.6,403.0,True,False,False,True,False,True
553,56,16,94.33,1509.28,False,True,False,True,True,False
554,47,8,36.16,289.28,False,False,False,True,True,True
555,48,21,67.59,1419.39,True,False,True,False,True,False
556,40,5,40.47,202.35,False,False,False,True,False,True
557,40,4,85.15,340.6,False,True,False,True,False,True
558,40,50,114.46,5723.0,False,False,False,True,False,True
559,48,2,89.56,179.12,False,True,False,True,True,True
560,40,14,36.91,516.74,True,False,False,True,False,True
561,47,4,61.92,247.68,False,False,False,False,True,True
562,65,0,79.56,0.0,True,False,True,False,True,True
563,53,0,66.29,0.0,False,False,True,False,False,True
564,41,3,105.03,315.09000000000003,False,False,True,True,True,True
565,57,40,103.32,4132.799999999999,False,True,False,True,True,True
566,40,6,85.06,510.36,False,False,True,True,False,True
567,24,60,63.61,3816.6,True,False,False,False,False,True
568,34,17,52.98,900.66,False,False,False,True,True,True
569,26,11,39.53,434.83,False,False,False,True,False,True
570,41,17,61.94,1052.98,False,True,False,True,True,False
571,45,14,67.19,940.66,True,False,False,True,False,True
572,61,28,90.82,2542.96,True,False,False,False,True,True
573,48,6,89.23,535.38,True,True,False,True,False,True
574,42,8,36.31,290.48,False,False,True,True,False,True
575,53,44,65.57,2885.08,False,False,False,False,True,True
576,22,58,46.36,2688.88,True,False,False,False,True,True
577,47,44,44.11,1940.84,False,False,False,True,True,True
578,52,10,104.46,1044.6,False,False,False,True,False,True
579,30,30,33.77,1013.1,False,False,False,True,False,True
580,56,12,67.73,812.76,False,True,False,False,True,False
581,48,13,45.14,586.82,False,True,False,True,False,True
582,40,4,109.14,436.56,False,True,False,True,True,True
583,51,17,80.13,1362.21,True,False,False,True,False,True
584,67,4,50.82,203.28,False,False,True,True,True,True
585,46,8,75.22,601.76,False,False,False,False,False,True
586,47,38,95.83,3641.54,False,False,False,True,True,True
587,40,4,116.23,464.92,False,False,True,True,True,True
588,36,1,49.84,49.84,False,False,False,True,False,True
589,53,1,109.76,109.76,True,False,False,True,False,True
590,36,56,114.09,6389.04,True,False,True,True,False,True
591,45,14,112.48,1574.72,True,False,False,True,True,True
592,40,10,87.19,871.9,True,True,False,True,False,True
593,49,33,86.68,2860.44,False,False,False,True,False,True
594,48,36,66.29,2386.44,False,True,False,True,True,False
595,55,8,97.72,781.76,True,False,False,True,False,True
596,39,23,77.82,1789.86,True,False,False,True,False,True
597,42,29,90.97,2638.13,False,True,False,True,False,True
598,35,21,68.56,1439.76,True,False,False,False,True,True
599,40,3,95.83,287.49,False,False,False,True,True,True
600,48,41,104.2,4272.2,False,False,False,False,False,True
601,52,15,43.18,647.7,False,False,False,True,False,True
602,35,6,104.96,629.76,True,False,False,True,True,True
603,53,11,78.63,864.93,True,False,False,True,False,True
604,58,0,106.02,0.0,False,False,True,True,True,True
605,49,2,68.82,137.64,False,False,False,True,True,True
606,63,29,64.11,1859.19,True,False,False,True,True,True
607,37,0,112.36,0.0,False,False,False,False,True,True
608,32,10,52.61,526.1,True,False,False,True,True,True
609,27,14,105.98,1483.72,False,False,True,False,True,True
610,59,1,73.56,73.56,True,False,False,True,True,True
611,51,72,76.27,5491.44,False,False,True,True,True,False
612,44,5,57.76,288.8,True,False,False,True,False,True
613,47,7,81.57,570.99,True,True,False,False,False,True
614,33,7,59.27,414.89,True,True,False,False,True,True
615,69,5,33.53,167.65,True,False,True,True,True,True
616,46,0,54.48,0.0,False,True,False,True,False,True
617,46,26,30.57,794.82,False,True,False,True,False,True
618,52,68,118.05,8027.4,True,False,False,True,True,True
619,49,5,116.92,584.6,True,False,False,True,True,True
620,47,21,65.56,1376.76,False,False,True,False,True,False
621,37,27,95.55,2579.85,False,False,False,True,False,True
622,49,37,61.12,2261.44,False,False,False,True,False,True
623,63,10,90.4,904.0,True,True,False,False,True,True
624,58,7,102.49,717.43,True,False,False,True,True,True
625,60,7,115.21,806.4699999999999,False,False,True,False,False,True
626,39,24,66.02,1584.48,True,True,False,True,False,True
627,35,33,100.5,3316.5,False,True,False,False,True,True
628,43,4,53.93,215.72,True,False,True,True,True,True
629,45,9,119.13,1072.17,False,False,False,False,True,True
630,55,46,32.32,1486.72,True,False,False,True,False,True
631,28,32,84.32,2698.24,False,False,False,True,False,True
632,60,83,89.36,7416.88,False,False,False,True,True,True
633,43,28,91.92,2573.76,False,True,False,True,True,False
634,40,9,40.83,367.47,True,False,True,True,False,True
635,34,17,114.47,1945.99,False,False,False,False,True,True
636,28,21,46.31,972.51,False,False,False,True,True,True
637,53,1,86.05,86.05,False,False,True,False,True,True
638,45,15,50.04,750.6,False,False,False,True,False,True
639,32,24,57.65,1383.6,False,False,False,True,False,True
640,32,3,79.18,237.54,False,False,False,True,False,True
641,41,30,67.55,2026.5,True,False,True,True,True,False
642,61,17,44.42,755.14,False,True,False,False,False,True
643,42,60,45.38,2722.8,False,True,False,False,True,False
644,29,0,67.63,0.0,True,False,True,False,True,True
645,42,6,98.16,588.96,True,False,False,True,False,True
646,42,18,110.82,1994.76,True,False,False,False,False,True
647,18,7,37.57,262.99,False,False,True,False,True,True
648,44,25,65.38,1634.5,False,False,False,True,False,True
649,42,28,39.02,1092.5600000000002,False,True,False,True,False,True
650,51,2,31.49,62.98,False,False,True,True,False,True
651,63,14,89.55,1253.7,True,True,False,True,True,False
652,56,14,84.22,1179.08,True,True,False,False,True,False
653,42,9,44.67,402.03,True,False,True,True,False,True
654,33,54,51.04,2756.16,True,False,True,True,False,True
655,70,35,32.13,1124.5500000000002,True,False,False,False,False,True
656,45,23,105.15,2418.4500000000003,True,False,False,False,True,True
657,45,25,117.72,2943.0,False,False,False,True,False,True
658,44,12,42.19,506.28,False,True,False,True,True,False
659,46,50,50.83,2541.5,False,False,False,False,False,True
660,43,23,108.16,2487.68,False,True,False,True,True,True
661,39,26,113.38,2947.88,False,False,False,True,True,True
662,39,39,67.77,2643.03,True,True,False,True,True,False
663,44,6,34.56,207.36,False,False,False,True,False,True
664,39,32,33.55,1073.6,False,True,False,True,False,True
665,37,4,81.66,326.64,True,True,False,True,True,True
666,46,8,65.36,522.88,True,False,False,True,False,True
667,42,8,32.58,260.64,False,False,False,True,False,True
668,60,76,82.49,6269.24,True,True,False,True,False,True
669,18,38,31.02,1178.76,False,False,False,True,True,True
670,55,24,100.86,2420.64,False,False,False,True,False,True
671,57,25,57.58,1439.5,True,False,True,True,False,True
672,24,16,33.62,537.92,True,True,False,False,True,False
673,41,58,82.95,4811.1,True,False,True,True,False,True
674,41,13,65.79,855.2700000000001,True,False,False,True,False,True
675,30,9,117.64,1058.76,True,False,False,True,False,True
676,37,3,78.98,236.94,False,False,True,False,True,True
677,33,30,54.77,1643.1,True,True,False,True,False,True
678,62,26,93.85,2440.1,False,True,False,True,False,True
679,54,9,54.43,489.87,True,False,False,False,True,True
680,57,0,111.38,0.0,False,False,False,True,False,True
681,52,36,63.72,2293.92,True,False,False,False,False,True
682,33,0,79.49,0.0,True,False,False,False,False,True
683,39,24,34.55,829.1999999999999,False,False,False,True,False,True
684,49,70,68.35,4784.5,False,False,False,True,True,True
685,32,11,104.91,1154.01,True,False,True,True,True,True
686,52,5,102.51,512.5500000000001,False,False,False,False,True,True
687,42,24,50.19,1204.56,True,True,False,True,False,True
688,41,33,50.35,1661.55,False,False,True,False,False,True
689,52,15,103.56,1553.4,True,True,False,False,False,True
690,49,68,113.74,7734.32,True,False,False,False,True,True
691,41,1,38.58,38.58,False,True,False,True,True,True
692,56,14,70.51,987.14,False,True,False,True,False,True
693,34,25,60.37,1509.25,True,True,False,True,True,False
694,51,39,108.36,4226.04,False,True,False,True,False,True
695,50,3,37.52,112.56,False,False,True,False,False,True
696,41,32,49.0,1568.0,True,True,False,True,True,False
697,48,16,97.72,1563.52,False,False,False,True,True,True
698,32,10,34.62,346.2,True,True,False,True,True,True
699,54,2,74.33,148.66,False,False,False,False,False,True
700,43,40,69.79,2791.6000000000004,False,False,True,True,True,False
701,39,3,60.1,180.3,False,False,False,True,True,True
702,55,7,65.51,458.5700000000001,True,False,False,True,False,True
703,37,6,77.69,466.14,True,False,True,True,True,True
704,30,41,44.52,1825.32,True,True,False,False,True,False
705,29,22,81.48,1792.5600000000002,True,False,False,True,True,True
706,51,31,102.49,3177.19,True,False,False,False,True,True
707,32,5,98.41,492.05,False,False,True,True,False,True
708,62,19,43.85,833.15,True,False,False,True,False,True
709,24,16,43.43,694.88,True,False,True,False,True,False
710,61,35,54.14,1894.9,False,False,False,True,False,True
711,47,47,62.5,2937.5,True,True,False,True,True,False
712,44,0,66.76,0.0,False,False,True,False,True,True
713,39,22,91.17,2005.74,True,False,False,True,True,True
714,48,1,35.1,35.1,False,False,False,False,True,True
715,44,15,33.12,496.8,True,False,False,True,False,True
716,56,6,65.27,391.62,True,True,False,True,False,True
717,46,7,92.74,649.18,False,True,False,True,False,True
718,46,8,47.41,379.28,True,True,False,True,True,True
719,41,19,87.74,1667.06,False,False,False,True,True,True
720,44,8,53.38,427.04,True,False,False,True,False,True
721,48,26,109.75,2853.5,True,False,False,False,True,True
722,27,10,110.61,1106.1,False,False,False,True,True,True
723,31,1,56.76,56.76,True,True,False,True,True,True
724,52,30,50.7,1521.0,False,False,True,False,False,True
725,46,6,67.02,402.12,False,True,False,True,True,True
726,43,11,51.65,568.15,False,False,False,True,False,True
727,45,23,90.51,2081.73,False,False,True,True,False,True
728,48,8,104.35,834.8,True,True,False,False,False,True
729,39,1,90.58,90.58,True,False,True,False,True,True
730,37,9,104.19,937.71,True,True,False,False,True,True
731,46,57,65.73,3746.61,False,False,False,True,False,True
732,35,20,44.07,881.4,False,False,False,False,False,True
733,49,22,96.42,2121.24,True,True,False,True,False,True
734,27,20,62.44,1248.8,False,False,False,False,True,True
735,55,4,90.41,361.64,True,False,False,True,True,True
736,49,10,54.36,543.6,False,True,False,True,True,True
737,47,27,37.31,1007.37,True,True,False,True,False,True
738,54,2,119.33,238.66,False,True,False,False,True,True
739,61,6,44.06,264.36,False,False,False,True,True,True
740,55,6,118.96,713.76,True,False,False,False,False,True
741,26,11,117.96,1297.56,True,True,False,True,False,True
742,32,78,101.44,7912.32,True,False,True,True,False,True
743,38,1,89.35,89.35,True,True,False,False,True,True
744,45,14,82.0,1148.0,True,False,True,True,False,True
745,50,3,107.95,323.85,False,True,False,True,False,True
746,37,70,56.05,3923.5,False,True,False,False,True,False
747,46,2,72.09,144.18,False,False,False,True,True,True
748,37,10,85.75,857.5,True,True,False,False,True,True
749,38,26,67.01,1742.2600000000002,False,True,False,True,False,True
750,30,24,68.47,1643.28,False,True,False,True,False,True
751,35,10,59.73,597.3,True,False,False,False,False,True
752,31,8,80.78,646.24,False,True,False,True,True,True
753,35,10,106.55,1065.5,False,False,False,True,False,True
754,55,6,48.14,288.84000000000003,True,True,False,True,False,True
755,35,4,114.1,456.4,True,False,False,True,False,True
756,71,13,92.02,1196.26,False,False,True,True,False,True
757,49,6,104.09,624.54,True,False,False,True,False,True
758,46,6,80.06,480.36,False,False,False,True,True,True
759,36,21,100.16,2103.36,False,False,False,True,False,True
760,52,69,31.46,2170.74,False,True,False,True,True,False
761,39,18,103.65,1865.7,True,False,False,True,False,True
762,46,1,33.61,33.61,True,False,False,True,True,True
763,70,1,110.09,110.09,False,True,False,True,False,True
764,44,60,119.28,7156.8,False,False,False,True,False,True
765,56,7,56.47,395.29,True,False,True,True,False,True
766,37,1,48.93,48.93,False,False,True,True,True,True
767,44,18,98.88,1779.84,False,True,False,True,True,False
768,62,19,52.77,1002.63,True,False,False,True,False,True
769,38,20,107.9,2158.0,True,True,False,False,True,True
770,63,6,39.26,235.56,False,False,False,True,False,True
771,52,0,41.34,0.0,True,False,False,True,True,True
772,39,67,118.12,7914.04,True,False,False,True,True,True
773,51,5,90.65,453.25,True,False,True,False,True,True
774,54,22,106.22,2336.84,True,False,False,False,True,True
775,51,24,59.19,1420.56,False,True,False,True,False,True
776,29,18,90.88,1635.84,False,True,False,True,True,False
777,37,7,83.48,584.36,True,False,False,False,True,True
778,42,6,84.28,505.68,False,False,False,True,True,True
779,44,18,91.43,1645.7400000000002,False,False,True,True,True,False
780,51,40,81.78,3271.2,False,True,False,False,True,False
781,46,58,68.62,3979.96,True,True,False,True,True,False
782,31,2,54.83,109.66,True,False,False,True,True,True
783,48,3,99.17,297.51,False,False,False,True,True,True
784,51,57,50.36,2870.52,False,False,False,True,False,True
785,50,26,92.31,2400.06,True,False,False,True,True,True
786,55,42,51.0,2142.0,True,False,False,True,False,True
787,53,4,86.28,345.12,True,False,True,True,True,True
788,49,17,97.24,1653.08,False,False,False,False,True,True
789,44,24,49.68,1192.32,False,False,False,False,True,True
790,28,22,35.39,778.58,False,True,False,True,True,False
791,49,10,41.79,417.9,True,True,False,True,False,True
792,47,0,84.54,0.0,False,False,False,False,True,True
793,47,17,106.45,1809.65,False,True,False,True,False,True
794,32,5,34.05,170.25,True,False,False,False,True,True
795,34,11,96.07,1056.77,False,False,False,True,True,True
796,55,63,60.72,3825.36,False,False,False,True,False,True
797,44,10,73.07,730.6999999999999,True,False,True,True,True,True
798,51,36,113.6,4089.6,False,False,False,True,True,True
799,45,4,59.88,239.52,True,False,False,False,True,True
800,45,22,71.88,1581.36,False,False,False,True,False,True
801,54,75,31.23,2342.25,False,False,True,False,False,True
802,39,2,37.34,74.68,False,False,False,True,False,True
803,45,0,53.27,0.0,False,False,False,False,True,True
804,40,11,32.51,357.61,True,False,False,True,False,True
805,40,1,86.82,86.82,False,False,False,True,True,True
806,41,27,68.38,1846.26,False,True,False,True,False,True
807,47,49,79.33,3887.17,True,True,False,True,False,True
808,40,11,45.72,502.92,False,False,False,True,False,True
809,57,5,56.63,283.15000000000003,False,False,False,False,True,True
810,36,11,89.74,987.14,True,False,False,False,True,True
811,43,25,116.88,2922.0,False,False,False,True,True,True
812,40,0,34.54,0.0,False,False,False,False,True,True
813,59,17,110.13,1872.21,True,True,False,False,False,True
814,46,19,81.92,1556.48,False,False,True,True,False,True
815,55,20,80.75,1615.0,True,False,True,True,False,True
816,30,5,75.03,375.15,True,False,True,True,False,True
817,47,25,36.25,906.25,True,True,False,True,False,True
818,53,1,38.09,38.09,False,True,False,True,True,True
819,45,4,84.08,336.32,False,False,False,False,True,True
820,55,41,60.69,2488.29,True,True,False,True,False,True
821,39,26,112.55,2926.3,True,False,False,True,False,True
822,59,0,66.59,0.0,False,False,False,True,False,True
823,67,5,42.9,214.5,True,True,False,False,True,True
824,41,4,94.32,377.28,False,False,False,True,True,True
825,40,6,56.4,338.4,False,False,False,False,False,True
826,59,5,77.29,386.4500000000001,False,False,True,False,True,True
827,60,1,92.8,92.8,False,False,False,False,True,True
828,39,12,111.02,1332.24,True,False,False,True,False,True
829,40,26,101.3,2633.8,False,False,True,True,False,True
830,42,18,90.87,1635.66,False,True,False,True,False,True
831,31,22,91.17,2005.74,False,True,False,True,True,False
832,35,1,115.13,115.13,True,False,False,True,True,True
833,34,60,56.62,3397.2,False,False,False,False,True,True
834,37,36,30.1,1083.6,True,False,True,False,False,True
835,44,32,54.48,1743.36,True,True,False,True,True,False
836,47,34,49.61,1686.74,True,True,False,True,False,True
837,60,53,89.57,4747.21,False,False,False,True,True,True
838,35,15,87.03,1305.45,False,False,False,False,True,True
839,54,4,83.41,333.64,False,False,True,False,True,True
840,42,19,31.46,597.74,False,False,False,False,False,True
841,44,27,95.59,2580.9300000000003,True,True,False,True,False,True
842,51,26,59.12,1537.12,False,False,False,True,False,True
843,33,14,89.86,1258.04,True,True,False,True,True,False
844,48,1,80.09,80.09,False,False,True,True,False,True
845,46,9,60.85,547.65,False,True,False,True,False,True
846,49,50,42.11,2105.5,False,False,False,True,True,True
847,47,17,38.5,654.5,False,True,False,False,False,True
848,69,15,104.84,1572.6,True,True,False,True,False,True
849,38,6,112.66,675.96,True,False,False,True,False,True
850,39,9,88.48,796.32,False,False,True,False,False,True
851,38,45,39.31,1768.95,True,True,False,True,False,True
852,39,21,66.18,1389.7800000000002,True,False,True,True,True,False
853,38,30,95.6,2868.0,False,True,False,True,True,False
854,56,12,100.18,1202.16,False,False,False,True,False,True
855,59,19,40.64,772.16,True,False,False,True,False,True
856,39,5,30.0,150.0,True,False,False,True,True,True
857,36,24,94.09,2258.16,False,False,True,False,False,True
858,49,11,62.09,682.99,False,True,False,False,False,True
859,39,11,52.9,581.9,True,True,False,False,True,True
860,51,20,31.16,623.2,True,False,False,False,False,True
861,47,55,78.63,4324.65,True,False,False,True,False,True
862,29,1,106.6,106.6,True,True,False,True,False,True
863,60,34,116.19,3950.46,True,False,False,False,True,True
864,62,6,80.92,485.52,False,False,False,True,False,True
865,38,11,76.3,839.3,False,True,False,False,False,True
866,41,0,37.66,0.0,False,False,False,True,True,True
867,47,7,79.4,555.8000000000001,True,False,False,False,True,True
868,48,13,64.2,834.6,False,False,False,True,True,True
869,51,1,84.64,84.64,True,False,False,False,False,True
870,65,13,64.99,844.8699999999999,False,False,True,True,True,False
871,43,52,51.63,2684.76,False,False,False,True,False,True
872,37,2,38.55,77.1,True,False,False,True,False,True
873,31,28,58.34,1633.52,False,False,False,False,True,True
874,37,10,38.7,387.0,True,True,False,False,True,True
875,44,21,45.92,964.32,False,False,False,False,True,True
876,62,6,118.86,713.16,True,True,False,True,False,True
877,39,3,69.97,209.91,True,False,False,False,True,True
878,47,3,77.87,233.61,False,False,False,True,False,True
879,44,1,108.63,108.63,True,False,False,True,True,True
880,56,4,119.6,478.4,False,False,True,True,True,True
881,70,21,82.44,1731.24,True,False,True,True,False,True
882,39,42,103.12,4331.04,False,False,False,False,False,True
883,40,33,59.42,1960.86,False,True,False,False,True,False
884,55,23,57.52,1322.96,False,False,True,True,True,False
885,51,2,66.24,132.48,True,False,False,True,True,True
886,63,6,90.53,543.1800000000001,True,False,True,False,True,True
887,50,7,91.4,639.8000000000001,True,False,False,False,False,True
888,41,5,58.37,291.85,True,False,True,True,False,True
889,50,14,41.99,587.86,False,True,False,False,True,False
890,56,15,86.92,1303.8,False,False,True,True,False,True
891,53,8,41.55,332.4,False,True,False,True,False,True
892,50,8,82.06,656.48,False,False,False,False,True,True
893,55,35,92.41,3234.35,False,False,True,False,True,False
894,56,31,93.06,2884.86,False,False,False,False,True,True
895,58,7,97.81,684.6700000000001,True,False,False,True,True,True
896,51,49,108.56,5319.4400000000005,False,True,False,True,True,True
897,43,61,75.0,4575.0,False,True,False,True,False,True
898,46,7,95.72,670.04,False,False,True,True,False,True
899,57,8,85.73,685.84,True,False,False,True,False,True
900,36,14,46.8,655.1999999999999,True,True,False,False,True,False
901,48,56,32.31,1809.36,True,True,False,False,True,False
902,41,41,55.61,2280.01,False,False,False,True,False,True
903,45,2,69.87,139.74,False,False,False,False,False,True
904,57,9,85.54,769.86,True,False,False,False,False,True
905,46,16,106.5,1704.0,False,False,False,True,False,True
906,45,13,47.66,619.5799999999999,True,False,True,True,True,False
907,31,4,41.3,165.2,True,True,False,True,False,True
908,52,39,116.71,4551.69,True,True,False,True,True,True
909,51,22,39.72,873.8399999999999,False,False,True,False,False,True
910,66,36,73.06,2630.16,False,False,False,True,False,True
911,41,39,82.7,3225.3,True,False,True,False,True,False
912,47,27,78.72,2125.44,False,False,False,True,True,True
913,47,11,37.74,415.14,True,False,True,True,True,True
914,60,18,35.13,632.34,False,False,False,False,False,True
915,44,3,39.49,118.47,False,False,True,True,True,True
916,47,22,82.7,1819.4,False,False,False,False,True,True
917,51,3,78.99,236.97,True,False,False,True,True,True
918,46,23,51.04,1173.92,False,True,False,True,True,False
919,40,5,87.4,437.0,False,False,False,True,False,True
920,46,2,103.81,207.62,True,True,False,True,False,True
921,55,3,33.74,101.22,False,False,False,False,True,True
922,34,0,74.83,0.0,True,True,False,True,False,True
923,46,25,92.04,2301.0,False,False,False,True,False,True
924,37,26,52.71,1370.46,True,False,False,False,False,True
925,56,14,57.7,807.8000000000001,False,False,False,True,False,True
926,29,3,85.23,255.69,False,False,False,True,False,True
927,39,1,110.81,110.81,True,False,False,False,True,True
928,48,0,102.89,0.0,True,False,False,True,True,True
929,60,3,82.48,247.44,True,False,False,False,False,True
930,44,44,95.72,4211.68,True,False,False,True,False,True
931,39,5,62.83,314.15,True,True,False,False,False,True
932,63,8,87.69,701.52,False,False,True,True,False,True
933,30,2,71.96,143.92,True,False,False,True,False,True
934,23,5,47.09,235.45,True,True,False,True,True,True
935,49,14,93.16,1304.24,False,True,False,True,True,False
936,39,18,80.08,1441.44,True,False,False,True,False,True
937,34,5,62.28,311.4,False,True,False,True,True,True
938,52,1,112.02,112.02,False,False,False,False,True,True
939,47,9,31.88,286.92,False,True,False,True,True,True
940,39,5,58.42,292.1,False,False,False,True,False,True
941,32,4,35.12,140.48,False,True,False,True,True,True
942,53,64,98.99,6335.36,True,True,False,True,False,True
943,51,19,93.19,1770.61,True,False,False,True,False,True
944,44,16,59.82,957.12,True,False,False,True,False,True
945,63,10,90.81,908.1,False,False,True,True,False,True
946,34,11,65.63,721.93,True,False,False,False,False,True
947,29,15,98.06,1470.9,False,True,False,True,True,False
948,38,23,70.88,1630.2399999999998,False,False,True,True,False,True
949,44,24,67.11,1610.64,False,True,False,True,False,True
950,47,3,114.13,342.39,False,True,False,True,True,True
951,42,13,52.58,683.54,True,True,False,False,True,False
952,48,10,40.84,408.4,False,False,True,True,False,True
953,32,40,82.61,3304.4,False,False,False,True,False,True
954,59,19,117.24,2227.56,True,False,False,False,False,True
955,44,15,64.01,960.15,True,False,False,True,False,True
956,56,2,35.58,71.16,False,False,True,False,False,True
957,48,18,60.54,1089.72,False,True,False,True,True,False
958,49,2,75.53,151.06,False,False,False,False,False,True
959,50,8,44.57,356.56,False,False,True,True,True,True
960,49,3,89.23,267.69,False,False,False,True,True,True
961,51,23,119.8,2755.4,False,False,False,True,True,True
962,58,4,70.66,282.64,True,True,False,True,True,True
963,46,9,61.93,557.37,True,False,False,True,False,True
964,52,45,66.06,2972.7000000000003,True,False,True,False,True,False
965,44,4,40.36,161.44,False,False,False,False,True,True
966,59,14,109.49,1532.86,False,False,True,True,False,True
967,38,10,67.33,673.3,False,True,False,False,True,True
968,63,0,64.85,0.0,True,False,False,True,False,True
969,44,31,89.37,2770.4700000000003,False,False,True,True,False,True
970,30,1,69.78,69.78,False,True,False,True,True,True
971,46,12,88.34,1060.08,False,False,False,True,False,True
972,38,16,35.53,568.48,False,False,False,False,True,True
973,53,19,103.24,1961.56,True,False,True,True,True,True
974,38,23,114.65,2636.9500000000003,False,False,False,True,True,True
975,40,5,88.39,441.95,True,False,False,True,True,True
976,26,0,115.91,0.0,True,False,False,True,False,True
977,40,25,43.63,1090.75,False,False,False,False,True,True
978,20,15,72.97,1094.55,False,True,False,True,True,False
979,29,36,84.16,3029.76,False,False,False,True,True,True
980,52,34,82.36,2800.24,False,False,False,True,False,True
981,52,37,66.13,2446.81,False,False,False,False,True,True
982,49,13,60.43,785.59,False,False,False,True,True,True
983,35,8,41.41,331.28,False,False,True,True,False,True
984,44,31,65.26,2023.06,True,False,False,False,True,True
985,44,12,44.64,535.6800000000001,True,False,True,True,False,True
986,33,4,96.09,384.36,True,False,False,True,True,True
987,60,38,48.79,1854.02,True,False,False,True,False,True
988,53,42,35.27,1481.34,True,False,True,True,False,True
989,42,12,79.71,956.52,True,False,False,False,True,True
990,45,1,83.57,83.57,True,True,False,True,True,True
991,47,9,108.47,976.23,False,False,True,True,False,True
992,24,32,81.93,2621.76,True,False,False,True,True,True
993,42,46,61.09,2810.1400000000003,False,False,False,True,False,True
994,38,4,102.27,409.08,True,True,False,True,False,True
995,34,1,78.63,78.63,False,False,False,False,False,True
996,42,41,37.14,1522.74,True,False,False,True,True,True
997,62,9,80.93,728.3700000000001,True,False,False,True,False,True
998,51,15,111.72,1675.8,False,False,False,True,True,True
999,39,68,65.67,4465.56,True,True,False,True,False,True
1000,50,1,56.67,56.67,True,False,False,True,False,True
